seed,tier,fuzz_ratio,summary
0,-,12.244897959183676,"Based on the provided text, here are three innovative AI approaches currently underway in Africa:

1. **AI-Powered Risk Prediction Models for HIV Prevention**: In countries like Nigeria and Kenya, AI-driven tools are being integrated into clinics to identify individuals most at risk of HIV acquisition. These models use data from electronic medical records (EMRs), behavioral patterns, and community-level risk factors to offer a more strategic approach to HIV prevention, particularly for PrEP distribution. By analyzing real-time data, these tools enable targeted interventions and better resource allocation in resource-constrained settings.

2. **AI-Enabled Virtual Counselors and Chatbots**: AI-powered chatbots and virtual counselors are being utilized to provide stigma-free education and support for individuals managing PrEP use. These tools offer private, judgment-free spaces for users—especially young people and key populations—to ask questions, learn about side effects, and receive adherence reminders. Such applications not only improve accessibility but also empower individuals to manage their care independently while reducing the burden on healthcare workers.

3. **AI for Optimizing Community Access Points**: AI is enhancing the efficiency of non-traditional healthcare platforms like pharmacies and community-based access points. These tools streamline client intake, identify high-risk individuals for follow-up, and ensure consistent linkage to quality care. When integrated with national digital health systems, AI also helps monitor and coordinate care delivery across multiple access points, expanding the reach of HIV prevention services in rural or underserved areas."
0,LOOSE,10.869565217391308,"Based on the provided text, here are three examples of innovative AI approaches underway in Africa:

1. **AI-Driven Risk Prediction Models in Clinics**:
   AI-powered risk prediction models are being integrated into clinics in countries like Kenya and Nigeria to identify individuals most vulnerable to acquiring HIV. These models analyze diverse data sources, including electronic medical records (EMR), behavioral patterns, and community-level risk factors, often in real time. This enables healthcare providers to offer pre-exposure prophylaxis (PrEP) more strategically, improving the targeting of resources to those at the highest risk.

2. **AI-Enabled Telemedicine for PrEP Delivery**:
   Telemedicine, supported by AI, is transforming PrEP delivery in resource-constrained settings. In Nigeria and Kenya, AI tools are facilitating video consultations, app-based self-screening, and pharmacy pick-up options for PrEP. This approach eliminates the need for frequent in-person visits, making access to prevention services more inclusive and sustainable. Additionally, AI is used to forecast medication demand, reducing stockouts and ensuring a stable supply of PrEP at decentralized locations.

3. **AI as a ""Digital Coworker"" for Overstretched Health Systems**:
   AI tools are being deployed as ""digital coworkers"" to support overstretched healthcare staff, particularly in rural or under-resourced areas. These tools handle routine tasks such as triage, automating documentation, and providing training and supervision to community health workers. This allows healthcare workers to focus on more complex care tasks while maintaining service coverage and improving overall efficiency in HIV prevention and treatment programs.

These AI-driven innovations demonstrate the potential to enhance HIV prevention efforts by improving targeting, expanding access, and optimizing resource allocation in Africa."
1,LOOSE,13.10144927536232,"Based on the provided text, here are 2-3 innovative AI approaches underway in Africa:

1. **AI-Powered Risk Prediction Models for HIV Prevention**: In countries like Kenya and Nigeria, AI models are being integrated into clinics to identify individuals at the highest risk of HIV acquisition. These tools analyze data from electronic medical records (EMRs), behavioral patterns, and community-level risk factors in real-time. By identifying high-risk individuals, providers can strategically target interventions like pre-exposure prophylaxis (PrEP), optimizing resource allocation and improving prevention outcomes.

2. **AI-Driven Virtual Support Tools**: Chatbots and virtual counselors are being piloted to offer stigma-free education and adherence support for PrEP users. These tools provide private, judgment-free spaces for individuals—especially key populations and young people—to learn about PrEP, manage side effects, and ask questions. Such innovations aim to enhance client engagement and retention in HIV prevention programs.

3. **AI in Decentralized PrEP Delivery and Supply Forecasting**: In resource-constrained settings, telemedicine and AI are enabling decentralized PrEP delivery, reducing the need for frequent in-person visits. For example, clients in African countries can now access PrEP through video consultations, app-based self-screening, and pharmacy pick-up models. AI tools also predict medication demand, minimizing stockouts and ensuring a consistent supply of PrEP at decentralized locations. This approach improves accessibility and sustainability in HIV prevention efforts."
2,LOOSE,10.675484175720362,"1. **AI-Driven Personalized HIV Prevention in Kenya and Nigeria**: In countries like Kenya and Nigeria, AI-powered platforms are being utilized to enhance HIV prevention efforts, particularly in delivering Pre-Exposure Prophylaxis (PrEP). These solutions integrate AI-based risk prediction models into clinics, analyzing data from electronic medical records (EMR), behavioral patterns, and community-level risk factors to identify individuals at high risk of HIV acquisition. Additionally, chatbots and virtual counselors provide stigma-free education and support, offering private spaces for users to manage side effects, ask questions, and learn about PrEP. This approach is particularly impactful for young people and key populations who face barriers in accessing traditional healthcare services.

2. **Telemedicine and AI Integration for Decentralized HIV Care**: AI and telemedicine are transforming HIV care delivery in resource-limited settings, particularly in Africa. For example, video consultations, app-based self-screening, and pharmacy pick-up options are enabling clients to start and manage PrEP without frequent in-person visits. AI tools are also used to forecast medication demand, preventing stockouts and ensuring a continuous supply at decentralized locations. This integration makes HIV prevention services more accessible, sustainable, and efficient.

3. **AI as a ""Digital Coworker"" in Under-Resourced Areas**: In rural or under-resourced regions, AI tools are increasingly being deployed as ""digital coworkers"" to support overstretched healthcare workers. These tools automate routine tasks such as triage, risk assessments, documentation, and training for community health workers. By handling these responsibilities, AI extends the capacity and effectiveness of healthcare teams, ensuring continuity of care while allowing human workers to focus on more complex aspects of service delivery. This approach is particularly beneficial in areas with severe workforce shortages."
3,LOOSE,14.212548015364913,"1. **AI-Powered Risk Prediction Models in Clinics**: In countries like Kenya and Nigeria, AI-powered risk prediction models are being introduced to identify individuals most vulnerable to HIV. These models analyze data from electronic medical records (EMRs), behavioral patterns, and community-level risk factors in real time. This approach helps healthcare providers offer pre-exposure prophylaxis (PrEP) more strategically to high-risk populations, optimizing resource allocation and improving prevention efforts.

2. **AI-Enhanced Telemedicine for PrEP Delivery**: Telemedicine, bolstered by AI, is transforming HIV prevention in Africa by enabling remote access to PrEP services. In Nigeria and Kenya, clients can begin and manage PrEP through video consultations, app-based self-screening, and pharmacy pick-up options. AI tools are also used to forecast medication demand, reducing stockouts and ensuring consistent availability of PrEP in decentralized locations, particularly in resource-limited settings.

3. **AI-Driven Chatbots for Stigma-Free Support**: AI-enabled chatbots and virtual counselors are being deployed to provide private, stigma-free education on HIV prevention. These tools allow users to learn about PrEP, manage side effects, and ask questions in judgment-free environments. This is particularly impactful for young people and marginalized populations who may face barriers to accessing traditional healthcare systems."
4,LOOSE,14.510609171800137,"1. **AI-Driven Risk Prediction Models for PrEP in Clinics**: In countries like Nigeria and Kenya, AI-powered tools are being integrated into clinics to identify individuals most vulnerable to HIV acquisition. These models analyze electronic medical record (EMR) data, behavioral patterns, and community-level risk factors in real-time, enabling clinicians to offer pre-exposure prophylaxis (PrEP) more strategically to those at highest risk.

2. **AI-Powered Chatbots and Virtual Counselors**: Chatbots and virtual counselors are transforming stigma-free education and support for HIV prevention. These tools provide private, judgment-free spaces for individuals—particularly young people and key populations—to learn about PrEP, manage side effects, and access information. This innovation is crucial for overcoming barriers related to stigma and limited healthcare access in many African settings.

3. **AI-Enhanced Telemedicine for PrEP Access**: Telemedicine platforms in Africa, such as those piloted in Kenya and Nigeria, leverage AI to simplify PrEP delivery. Clients can initiate and manage PrEP through video consultations, app-based self-screening, and pharmacy pick-up services. AI further aids in forecasting medication demand, reducing stockouts, and ensuring a stable PrEP supply in decentralized and resource-constrained locations."
5,LOOSE,12.114413909141897,"Here are 2-3 examples of innovative AI approaches currently underway in Africa, as highlighted in the report:

1. **AI-Powered Risk Prediction for PrEP Delivery**: AI models are being integrated into clinics in countries like Kenya and Nigeria to identify individuals most vulnerable to HIV acquisition. These models analyze data from electronic medical records (EMR), behavioral patterns, and community-level risk factors in real-time, enabling health providers to strategically target and offer pre-exposure prophylaxis (PrEP). This approach helps optimize resource allocation and enhances the precision of HIV prevention strategies.

2. **Chatbots and Virtual Counselors for Stigma-Free Support**: AI-enabled chatbots and virtual counselors are being implemented to provide stigma-free education and support for managing HIV prevention and care. These tools create private, judgment-free spaces for users, especially young people and marginalized groups, to learn about PrEP, manage side effects, and seek guidance. By leveraging AI, these platforms empower users and address barriers like stigma and limited engagement with traditional healthcare systems.

3. **AI-Driven Telemedicine for Decentralized HIV Services**: In resource-constrained settings like Kenya and Nigeria, telemedicine platforms powered by AI are transforming HIV prevention. Clients can initiate and manage PrEP through video consultations, app-based self-screening, and pharmacy pick-up options. AI tools are also being used to forecast medication demand, reducing stockouts and ensuring a stable supply of PrEP at decentralized locations, thereby expanding access to HIV prevention services."
6,LOOSE,14.354727398205657,"Here are 2-3 innovative AI approaches currently underway in Africa, as highlighted in the provided text:

1. **AI-Powered Risk Prediction Models**: These models are being integrated into clinics in countries like Nigeria and Kenya to identify individuals most vulnerable to HIV acquisition. By analyzing data from electronic medical records (EMRs), behavioral patterns, and community-level risk factors in real time, these tools help providers offer HIV pre-exposure prophylaxis (PrEP) more strategically, expanding access to those who need it most.

2. **AI-Driven Virtual Counselors and Chatbots**: AI-enabled chatbots and virtual counselors are providing stigma-free education and support to key populations and young people. These tools offer private, judgment-free spaces to learn about PrEP, manage side effects, and ask questions, improving engagement and adherence to HIV prevention strategies.

3. **AI-Enhanced Telemedicine for PrEP Delivery**: In resource-constrained settings, telemedicine powered by AI is transforming access to HIV prevention services. For example, clients in Nigeria and Kenya can initiate and manage PrEP through video consultations, app-based self-screening, and pharmacy pick-up options. AI is also being used to forecast medication demand, ensuring a stable supply of PrEP while reducing stockouts."
7,LOOSE,13.771320277953258,"1. **AI-Powered Risk Prediction Models**: In countries like Kenya and Nigeria, clinics are integrating AI-powered risk prediction models into their operations to identify individuals most vulnerable to HIV acquisition. These models analyze real-time data from electronic medical records (EMRs), behavioral patterns, and community-level risk factors to offer PrEP more strategically. This innovative approach helps health providers optimize resource allocation and tailor prevention strategies more effectively.

2. **AI-Enabled Chatbots and Virtual Counselors**: AI-driven chatbots and virtual counselors are being utilized to provide stigma-free education and support for HIV prevention. These tools offer private, judgment-free spaces for users—especially young people and key populations—to ask questions, manage side effects, and learn about PrEP. By enhancing accessibility and engagement, these innovations bridge gaps in traditional healthcare systems.

3. **Telemedicine and AI in Decentralized PrEP Delivery**: Telemedicine, combined with AI, is transforming how PrEP is delivered in resource-constrained settings. In Nigeria and Kenya, clients can start and manage PrEP through video consultations, app-based self-screening, and pharmacy pick-up options. AI is also employed to forecast medication demand, ensuring a steady supply of PrEP and reducing stockouts at decentralized locations. These approaches make HIV prevention more inclusive and sustainable."
8,LOOSE,16.000000000000004,"1. **AI-Powered Risk Prediction Models in Clinics**: In countries like Nigeria and Kenya, clinics are integrating AI-driven risk prediction models to identify individuals most vulnerable to HIV acquisition. These models analyze data from electronic medical records (EMRs), behavioral patterns, and community-level risk factors in real time, enabling more strategic and personalized delivery of pre-exposure prophylaxis (PrEP).

2. **AI-Powered Chatbots and Virtual Counselors**: AI-powered chatbots and virtual counselors are being utilized to provide stigma-free education and support for HIV prevention. These tools allow users, particularly young people and marginalized populations, to privately access information about PrEP, manage side effects, and ask questions in judgment-free environments.

3. **Telemedicine and Decentralized PrEP Delivery**: Telemedicine is transforming HIV prevention by enabling clients to start and manage PrEP through video consultations, app-based self-screening, and pharmacy pick-ups. AI tools are also being used to forecast medication demand, reducing stockouts and ensuring a stable supply of PrEP in decentralized and resource-limited settings."
9,LOOSE,14.670255720053838,"From the provided text, here are 2-3 examples of innovative AI approaches underway in Africa:

1. **AI-Powered Risk Prediction Models**: These models, currently being integrated into clinics in countries like Kenya and Nigeria, utilize electronic medical records (EMRs), behavioral data, and community-level risk factors to identify individuals most vulnerable to HIV acquisition. This enables healthcare providers to offer Pre-Exposure Prophylaxis (PrEP) more strategically, improving targeting and resource allocation.

2. **Chatbots and Virtual Counselors**: AI-driven chatbots and virtual counseling tools are being deployed to provide stigma-free education and support for HIV prevention. These platforms offer private, judgment-free spaces to educate users about PrEP, manage side effects, and address their questions. This is particularly impactful for young people and key populations facing stigma in traditional healthcare settings.

3. **AI-Enhanced Telemedicine for PrEP Delivery**: In resource-constrained settings like Nigeria and Kenya, telemedicine solutions supported by AI are transforming PrEP delivery. These include app-based self-screening, video consultations, and pharmacy pick-ups, eliminating the need for frequent in-person visits. AI also forecasts medication demand, reducing stockouts and ensuring stable supplies in decentralized locations."
0,-,9.812667261373775,"Based on the supplied text, here are 2-3 examples of innovative AI approaches underway in Africa, particularly in Kenya:

1. **AI-Facilitated HIV Self-Test Result Interpretation**:
   - The ePrEP/ePEP model in Kenya integrates an artificial intelligence (AI)-facilitated digital photo capture and result interpretation system to support HIV self-testing (HIVST). This AI system analyzes photos of HIVST results uploaded by clients to assess image quality and assist clinical officers (COs) in interpreting test outcomes. The AI is tuned to be highly sensitive to faint lines on test results to ensure that positive cases are not missed. Over time, the system was fine-tuned to improve specificity, reducing false positives. This innovation enhances quality control, reduces errors in test result interpretation, and supports the expansion of telehealth services in HIV prevention.

2. **AI-Enhanced Monitoring of Clinical Performance**:
   - The AI system also plays a supervisory role by flagging discrepancies between its interpretations and those of COs. In cases of disagreement, supervisors can conduct audits to identify potential misinterpretations or training needs for COs. This approach ensures higher accuracy in clinical decisions, promotes accountability, and supports the ongoing professional development of healthcare providers involved in telehealth services.

3. **AI for Real-Time Quality Assurance in HIV Service Delivery**:
   - By immediately identifying poor-quality images of HIVST results and prompting clients to retake photos, the AI system optimizes the usability and reliability of HIV self-testing. Approximately 8% of test images were flagged for quality issues during the pilot. This real-time feedback loop ensures that clients receive accurate results and eliminates the need for additional testing, thereby enhancing the overall efficiency and trustworthiness of the ePrEP/ePEP model.

These AI-driven innovations demonstrate how technology is being leveraged to improve healthcare delivery, particularly in HIV prevention, and highlight the potential for scaling similar models across Africa."
1,-,10.186915887850468,"Based on the user-provided text, the following examples highlight innovative AI approaches underway in Africa, specifically in Kenya:

1. **AI-Assisted HIV Self-Test Interpretation**:
   - An artificial intelligence (AI) system was developed to facilitate the interpretation of HIV self-test (HIVST) results in Kenya's ePrEP/ePEP pilot program. The AI system analyzed uploaded photos of HIVST results, assessed the quality of the images, and provided interpretation assistance to clinical officers (COs). This approach enhanced quality control by flagging poor-quality images for retakes and providing a secondary opinion for COs interpreting test results. AI's sensitivity to faint test lines minimized the risk of missed positive cases, supporting accurate decision-making.

2. **Integration of AI for Quality Assurance in Online Pharmacy Models**:
   - The AI system in the ePrEP/ePEP program not only supported clinical officers in interpreting HIVST results but also flagged discrepancies between AI and CO interpretations for further review by supervisors. This integration of AI into telehealth services improved the accuracy of HIV testing and facilitated efficient monitoring of clinician performance. By enhancing trust and confidence in telemedicine models, the AI component contributed to the delivery of high-quality HIV prevention services.

3. **AI in Usability and Client Empowerment**:
   - The AI-enabled system provided usability-tested visual guidance to clients for capturing high-quality photos of HIVST results. This feature empowered clients to play an active role in their HIV prevention journey while maintaining privacy. The integration of AI ensured that clients received immediate feedback on image quality and supported a seamless user experience, critical for the success of ePrEP/ePEP services delivered via online platforms.

These examples demonstrate how AI is being leveraged in Kenya to improve healthcare accessibility, quality assurance, and client engagement in HIV prevention efforts."
2,-,10.00458926112896,"Here are 2-3 innovative AI approaches underway in Africa based on the text provided:

1. **AI-Facilitated HIV Self-Test Interpretation in Kenya's ePrEP/ePEP Model**:
   - In Kenya, an AI system was integrated into the delivery of online pharmacy services for pre-exposure prophylaxis (PrEP) and post-exposure prophylaxis (PEP). This AI-facilitated system supports digital photo capture and interpretation of HIV self-tests (HIVST). The AI evaluates the quality of the photos uploaded by clients, assists with the interpretation of test and control lines, and flags discrepancies for clinical officer (CO) review. This system enhances quality assurance for HIV testing, reduces the likelihood of errors, and ensures accurate remote diagnoses, which is critical for scaling up PrEP and PEP services.

2. **AI for Quality Control and Client Support in HIV Prevention**:
   - The AI system used in Kenya's ePrEP initiative not only supports HIV self-test result interpretation but also assists supervisors in auditing clinical officers' performance by flagging cases where AI and CO interpretations differ. This capability allows targeted training for COs and ensures high standards of care. Additionally, the AI prompts clients to retake poorly captured HIV test images, improving the accuracy of results and potentially preventing unnecessary retesting.

3. **AI-Driven Innovations in Private-Sector Telehealth Models**:
   - The integration of AI in Kenya’s digital health platforms demonstrates how AI can be leveraged in telehealth to build trust and confidence in private-sector health service delivery. For example, the AI in this model provided real-time support for interpreting diagnostic results remotely, ensuring adherence to ethical standards that prioritize human oversight. This approach aligns with WHO guidance on leveraging AI to assist human decision-making in healthcare.

These examples showcase how AI is advancing healthcare accessibility, accuracy, and quality assurance in Africa, particularly in the context of HIV prevention and telehealth."
3,-,10.383536014967254,"Here are 2-3 examples of innovative AI approaches underway in Africa based on the provided document:

1. **AI-Assisted HIV Self-Test Interpretation in Kenya**:  
   The ePrEP/ePEP delivery model in Kenya integrated an artificial intelligence (AI)-facilitated system for the interpretation of HIV self-test (HIVST) results. The AI system evaluated the quality of uploaded photos of HIVST results, flagged poor-quality images for retakes, and enhanced images for easier interpretation by clinical officers (COs). This approach supported remote consultations while ensuring accuracy and quality control. Additionally, the AI system was tuned for high sensitivity, even detecting faint test lines, to minimize the risk of missing positive cases. Discrepancies between AI and CO interpretations were reviewed for continuous improvement and training.

2. **AI-Driven Continuous Quality Assurance in Telemedicine**:  
   The integration of AI into the ePrEP/ePEP model in Kenya enabled continuous monitoring and quality assurance for HIV testing. By flagging cases where AI and CO interpretations diverged, the system facilitated supervisory reviews and identified areas where clinical officers required further training. This allowed supervisors to focus on critical cases, improving the accuracy and reliability of online pharmacy HIV prevention services.

3. **AI-Enhanced Client Support for HIV Testing**:  
   The AI system in the ePrEP/ePEP model improved client experience by guiding them through the HIVST process. Visual usability instructions were provided, and the system immediately flagged low-quality images, prompting clients to retake photos. This not only built client confidence in self-testing but also reduced the likelihood of errors, ensuring better outcomes in the telemedicine delivery of PrEP and PEP services. 

These AI innovations demonstrate how technology can enhance health care delivery, especially in resource-limited settings, by improving accessibility, quality assurance, and client experience."
4,-,11.162790697674419,"Based on the provided text, here are 2-3 examples of innovative AI approaches underway in Africa:

1. **AI-Enhanced HIV Self-Test Interpretation in Kenya:**
   The ePrEP/ePEP pilot in Kenya incorporated an artificial intelligence (AI) system to support the interpretation of HIV self-test (HIVST) results. This AI-facilitated digital photo capture and result interpretation system enhanced the quality control process by analyzing test and control lines to assist clinical officers (COs) in remote test result verification. It also flagged poor-quality images and prompted clients to retake photos, thereby reducing the risk of misinterpretation. The AI system was tuned for high sensitivity to detect faint lines, which helped ensure that positive cases were not missed.

2. **Integration of AI in Telehealth for HIV Prevention:**
   The AI system in Kenya's digital health platform supported telehealth consultations by providing COs with an additional layer of verification for HIVST results. This integration allowed for real-time quality assurance and enabled supervisors to audit cases where discrepancies arose between AI and CO interpretations, enhancing training opportunities for COs and ensuring consistent service quality.

3. **AI-Driven Service Optimization in HIV Testing and Care:**
   AI was used to streamline the ePrEP/ePEP delivery model by improving the efficiency of HIVST result processing and enabling faster service delivery. By flagging low-quality images and assisting in test result interpretation, the AI system reduced delays in PrEP or PEP initiation, particularly critical for clients seeking PEP within the 72-hour post-exposure window. This innovation helped make HIV prevention services more accessible and convenient for users, particularly in urban settings like Nairobi and Mombasa."
