seed,supply_forecast,summary
0,YES,"Artificial intelligence (AI) holds transformative potential for HIV prevention by enabling more personalized, efficient, and scalable interventions. Machine learning algorithms can analyze complex datasets—from electronic health records to social media activity—to identify individuals or populations at heightened risk of HIV acquisition. This risk stratification allows for targeted outreach, optimizing resource allocation for prevention services such as pre-exposure prophylaxis (PrEP) and testing.

AI-powered predictive models can also forecast HIV transmission trends in real time, guiding public health strategies and enabling rapid responses to emerging hotspots. Natural language processing tools can scan and synthesize vast amounts of scientific literature and patient data to inform evidence-based guidelines and tailor messaging to diverse communities.

Moreover, AI-driven chatbots and virtual assistants can provide confidential, stigma-free counseling and education, increasing engagement in prevention programs. These tools can adapt to users’ language and cultural contexts, enhancing accessibility and adherence to preventive measures. In resource-limited settings, AI can optimize supply chain management for prevention commodities, reducing stockouts and ensuring consistent availability.

Importantly, integrating AI in HIV prevention must be approached with attention to ethical considerations, including data privacy, algorithmic bias, and equitable access. Collaborative efforts involving communities, clinicians, and data scientists are essential to develop AI applications that are both effective and culturally sensitive.

By harnessing AI’s analytical power and scalability, the HIV prevention landscape can be reimagined to achieve more precise, proactive, and person-centered approaches, accelerating progress toward ending the HIV epidemic."
1,NO,"Artificial intelligence (AI) holds transformative potential for HIV prevention by enabling more precise, scalable, and personalized interventions. Machine learning algorithms can analyze large, complex datasets from electronic health records, social media, and genomic sequencing to identify individuals or communities at heightened risk of HIV acquisition. This predictive capacity facilitates targeted outreach, optimizing resource allocation and enhancing the effectiveness of prevention programs such as pre-exposure prophylaxis (PrEP) delivery.

AI-driven chatbots and virtual health assistants can provide confidential, tailored education and counseling around HIV prevention, overcoming barriers related to stigma and healthcare access. These tools can deliver real-time guidance on PrEP adherence, safe sex practices, and testing reminders, fostering sustained engagement with prevention services.

In epidemiological surveillance, AI can integrate diverse data streams—including behavioral, demographic, and viral genetic information—to detect emerging transmission clusters and anticipate outbreaks. Such insights enable rapid, focused public health responses, curbing new infections.

Moreover, AI-powered drug discovery platforms accelerate the identification of novel antiretroviral agents and vaccine candidates, potentially expanding prevention options. Natural language processing can also synthesize vast scientific literature to inform evidence-based guidelines and policy decisions.

However, ethical considerations around data privacy, algorithmic bias, and equitable access must be addressed to ensure AI-driven HIV prevention benefits all populations. Collaborative efforts involving technologists, healthcare providers, and affected communities are essential to harness AI’s full potential responsibly.

In summary, integrating AI into HIV prevention strategies promises to enhance risk prediction, personalize interventions, improve adherence, and strengthen surveillance, ultimately advancing the goal of ending the HIV epidemic."
2,NO,"Artificial intelligence (AI) has the potential to transform HIV prevention by enabling more precise, personalized, and scalable interventions. One promising application is predictive analytics, where machine learning algorithms analyze diverse data sources—such as demographic information, behavioral patterns, social networks, and clinical records—to identify individuals or communities at highest risk of HIV acquisition. This targeted approach allows for more efficient allocation of prevention resources, including pre-exposure prophylaxis (PrEP) and testing services.

AI-powered chatbots and mobile health applications can provide tailored education, risk assessments, and adherence support in real time, increasing engagement and reducing stigma associated with HIV prevention. Natural language processing tools can also monitor social media and online forums to detect emerging trends in risk behaviors or misinformation, enabling timely public health responses.

Moreover, AI can optimize clinical decision-making by integrating data from electronic health records to recommend personalized prevention strategies, such as identifying candidates for PrEP or facilitating partner notification. In research, AI accelerates the analysis of viral genetics and transmission networks, informing vaccine development and outbreak containment.

However, implementing AI in HIV prevention requires careful attention to ethical considerations, including data privacy, consent, and potential biases that could exacerbate disparities. Collaborative frameworks involving communities, clinicians, and technologists are essential to ensure AI tools are equitable, culturally sensitive, and effective.

In summary, AI offers a powerful suite of tools to enhance HIV prevention efforts by improving risk prediction, personalizing interventions, and enabling responsive public health strategies, ultimately contributing to the goal of ending the HIV epidemic."
3,NO,"Artificial intelligence (AI) holds transformative potential for HIV prevention by enabling more personalized, efficient, and scalable interventions. First, AI-driven predictive analytics can identify individuals and populations at highest risk of HIV acquisition by integrating diverse data sources such as electronic health records, social determinants, behavioral surveys, and geospatial information. This allows targeted outreach and resource allocation, enhancing prevention program efficiency.

Second, AI-powered chatbots and virtual assistants can provide tailored education, counseling, and adherence support for pre-exposure prophylaxis (PrEP) and other prevention modalities. These tools can operate 24/7, reduce stigma barriers, and adapt messaging based on user responses, improving engagement and persistence in prevention behaviors.

Third, machine learning models can optimize HIV testing strategies by predicting optimal testing intervals and identifying hotspots with emerging transmission clusters using viral genetic sequencing data. This facilitates timely interventions to interrupt transmission chains.

Fourth, AI can assist in drug discovery and development of new prevention technologies by analyzing large biological datasets to identify novel targets or optimize formulations for vaccines and microbicides.

Finally, AI-enabled analysis of social media and digital traces can monitor community attitudes and misinformation about HIV prevention, informing tailored public health campaigns.

Despite these promising applications, ethical considerations including data privacy, bias mitigation, and equitable access must be rigorously addressed to ensure AI-driven HIV prevention advances health equity. Integrating AI with community-based approaches and multidisciplinary expertise will be critical to reimagining and realizing the full potential of HIV prevention in the digital era."
4,NO,"Artificial intelligence (AI) holds transformative potential for HIV prevention by enabling more personalized, timely, and scalable interventions. Machine learning algorithms can analyze complex, multidimensional datasets—ranging from electronic health records and behavioral surveys to social media activity and geospatial information—to identify individuals or communities at heightened risk of HIV acquisition. This risk stratification supports targeted outreach and resource allocation, optimizing prevention efforts such as pre-exposure prophylaxis (PrEP) delivery.

AI-driven predictive models can also enhance early detection of HIV outbreaks by detecting subtle epidemiological patterns and transmission networks, facilitating rapid public health responses. Natural language processing tools applied to social media and online forums offer insights into emerging behaviors, misinformation trends, or gaps in awareness, informing tailored communication strategies that resonate with diverse populations.

Moreover, AI-powered chatbots and virtual health assistants provide confidential, 24/7 support for HIV prevention education, medication adherence reminders, and behavioral counseling, reducing barriers related to stigma and healthcare access. In clinical research, AI accelerates the discovery of novel prevention modalities by analyzing biomedical data to identify new therapeutic targets or optimize vaccine design.

Importantly, the deployment of AI in HIV prevention must be accompanied by robust ethical frameworks to safeguard data privacy, mitigate biases, and ensure equitable benefits across marginalized groups. By integrating AI technologies thoughtfully into existing public health infrastructures, we can reimagine HIV prevention with more precision, responsiveness, and inclusivity, ultimately advancing toward the goal of ending the HIV epidemic."
5,NO,"Artificial intelligence (AI) holds transformative potential for HIV prevention by enabling more precise, personalized, and scalable interventions. One key application is improving risk prediction. Machine learning algorithms can analyze complex datasets—such as electronic health records, behavioral surveys, and social determinants—to identify individuals or populations at heightened risk of HIV acquisition. This facilitates targeted outreach and resource allocation, optimizing prevention efforts like pre-exposure prophylaxis (PrEP) delivery.

AI-powered natural language processing tools can enhance education and counseling by tailoring HIV prevention messages to individuals’ language, literacy, and cultural contexts, increasing engagement and adherence. Chatbots and virtual health assistants provide 24/7 access to reliable information and support, overcoming barriers related to stigma and limited healthcare access.

In epidemiology, AI models can forecast HIV outbreaks by integrating real-time data from social media, geospatial sources, and clinical reports, enabling proactive public health responses. Additionally, AI can accelerate the discovery of novel prevention technologies—such as vaccine candidates or microbicides—by analyzing molecular and immunological data more efficiently than traditional methods.

However, ethical considerations around data privacy, algorithmic bias, and equitable access must be rigorously addressed to ensure AI-driven HIV prevention benefits all populations without exacerbating disparities. Collaboration between AI experts, clinicians, social scientists, and affected communities is essential to develop transparent, culturally sensitive tools that complement existing public health strategies.

In sum, AI offers unprecedented opportunities to reimagine HIV prevention through enhanced risk stratification, personalized interventions, real-time surveillance, and innovative biomedical research, potentially accelerating progress toward ending the HIV epidemic."
6,YES,"Artificial intelligence (AI) holds transformative potential for HIV prevention by enabling more precise, scalable, and personalized interventions. Machine learning algorithms can analyze large, complex datasets—from electronic health records to social media patterns—to identify individuals or communities at heightened risk of HIV acquisition. This predictive capacity allows for targeted outreach and resource allocation, improving the efficiency of prevention programs.

AI-powered chatbots and virtual health assistants can enhance education and counseling by delivering tailored information on prevention methods such as pre-exposure prophylaxis (PrEP), condom use, and harm reduction strategies. These tools can provide 24/7, stigma-free support, encouraging engagement among populations that might avoid traditional healthcare settings.

In clinical research, AI accelerates the discovery of novel prevention strategies by identifying biological markers of susceptibility and treatment response. For example, deep learning models can analyze viral genetics and host immune responses to inform vaccine development and optimize prophylactic regimens.

Moreover, AI can optimize supply chain logistics to ensure timely distribution of prevention commodities in resource-limited settings, minimizing stockouts and wastage. Real-time data analytics enable public health authorities to monitor outbreaks and adapt interventions dynamically.

However, ethical considerations—including data privacy, algorithmic bias, and equitable access—must be addressed to prevent exacerbating existing disparities. Transparency in AI model development and community engagement are essential to build trust and ensure culturally sensitive applications.

In summary, integrating AI into HIV prevention strategies offers a promising avenue to enhance risk prediction, personalize education, expedite research, and optimize program delivery, ultimately advancing efforts toward ending the HIV epidemic."
7,YES,"Artificial intelligence (AI) holds transformative potential for HIV prevention by enabling more personalized, efficient, and scalable interventions. First, AI-driven predictive analytics can identify individuals and communities at highest risk of HIV acquisition by integrating diverse data sources such as electronic health records, social determinants of health, and behavioral patterns. This targeted approach allows for timely, tailored prevention strategies including pre-exposure prophylaxis (PrEP) initiation and adherence support.

Second, AI-powered chatbots and virtual health assistants can enhance education and counseling by delivering accurate, stigma-free information about HIV prevention, testing, and treatment options. These tools provide 24/7 accessibility and can engage users in personalized, interactive dialogues that promote behavior change and reduce barriers to care.

Third, machine learning algorithms can optimize supply chain management for HIV prevention commodities, ensuring consistent availability of condoms, testing kits, and medications in resource-limited settings. This improves program efficiency and reduces stockouts that hinder prevention efforts.

Moreover, AI can analyze large-scale epidemiological data to detect emerging HIV transmission hotspots in real-time, enabling public health officials to deploy rapid, localized interventions. Additionally, integration of AI with mobile health (mHealth) platforms facilitates remote monitoring of adherence to PrEP and antiretroviral therapy, allowing for proactive support and early identification of challenges.

While promising, the deployment of AI in HIV prevention must address ethical considerations including data privacy, algorithmic bias, and equitable access to technology. Collaborative efforts involving communities, clinicians, and data scientists are essential to develop AI tools that are culturally sensitive and effective.

In summary, AI offers innovative avenues for enhancing HIV prevention through precision targeting, improved engagement, resource optimization, and real-time surveillance, potentially accelerating progress toward ending the HIV epidemic."
8,YES,"Artificial intelligence (AI) holds transformative potential for HIV prevention by enhancing the precision, scalability, and personalization of interventions. One key application is in predictive analytics: AI algorithms can analyze large-scale epidemiological, behavioral, and social data to identify individuals and communities at heightened risk of HIV acquisition. This enables targeted outreach and resource allocation, optimizing the impact of prevention programs.

Machine learning models can also personalize prevention strategies by integrating diverse data streams—such as sexual behavior patterns, medication adherence, and social determinants of health—to recommend tailored interventions, including pre-exposure prophylaxis (PrEP), condom use, or harm reduction services. AI-powered mobile health applications can support adherence monitoring and provide real-time behavioral nudges, improving PrEP uptake and continuity.

Furthermore, natural language processing (NLP) tools can analyze social media and online forums to detect emerging trends and misinformation related to HIV, facilitating timely public health responses. AI-driven chatbots and virtual counselors offer scalable, stigma-free platforms for HIV education, risk assessment, and linkage to care, particularly in underserved populations.

On a broader scale, AI can optimize supply chain logistics for HIV prevention commodities and forecast epidemic trajectories to inform policy decisions. However, ethical considerations—including data privacy, algorithmic bias, and equitable access—must be rigorously addressed to ensure AI benefits do not exacerbate existing disparities.

In sum, integrating AI into HIV prevention frameworks can revolutionize how risk is identified, interventions are personalized, and communities are engaged, ultimately accelerating progress toward ending the HIV epidemic."
9,NO,"Artificial intelligence (AI) offers transformative potential for advancing HIV prevention by enabling more precise, scalable, and personalized interventions. One key application lies in enhancing risk prediction models. By integrating diverse data sources—including electronic health records, demographic information, behavioral patterns, and social determinants—machine learning algorithms can identify individuals or populations at highest risk for HIV acquisition with greater accuracy than traditional methods. This targeted approach facilitates efficient allocation of preventive resources such as pre-exposure prophylaxis (PrEP).

AI-driven chatbots and virtual health assistants can improve engagement and adherence by providing tailored education, reminders, and behavioral counseling in real time, overcoming barriers related to stigma and limited healthcare access. Natural language processing can analyze social media and online forums to detect emerging trends in risk behaviors and misinformation, enabling timely public health responses.

Moreover, AI can optimize clinical trial design and drug discovery by rapidly analyzing vast datasets to identify novel prevention agents or vaccine candidates. In resource-limited settings, AI-powered mobile applications can support community health workers in screening, linkage to care, and monitoring adherence.

However, ethical considerations—including data privacy, algorithmic bias, and equitable access—must be addressed to ensure AI tools benefit marginalized populations disproportionately affected by HIV. Multidisciplinary collaboration among technologists, clinicians, and affected communities is essential to develop culturally sensitive, transparent AI solutions.

In summary, AI holds promise to revolutionize HIV prevention by enabling precision public health strategies, enhancing patient engagement, and accelerating biomedical innovation, ultimately contributing to the global goal of ending the HIV epidemic."
10,NO,"Artificial intelligence (AI) holds transformative potential for HIV prevention by enabling more personalized, efficient, and scalable interventions. First, AI can improve risk prediction models by analyzing complex datasets—including behavioral, demographic, and biomedical information—to identify individuals or populations at highest risk of HIV acquisition. This allows targeted delivery of prevention resources such as pre-exposure prophylaxis (PrEP), testing, and counseling, maximizing impact and reducing costs.

Second, AI-powered chatbots and virtual assistants offer scalable, stigma-free platforms for HIV education, risk assessment, and linkage to care. These tools can provide 24/7 personalized support, answer questions confidentially, and encourage testing and adherence to prevention regimens. Natural language processing enables the tailoring of messages to diverse linguistic and cultural contexts, increasing engagement.

Third, AI can optimize adherence monitoring by analyzing data from digital pill bottles, wearable devices, or mobile apps, identifying patterns of non-adherence early and prompting timely interventions. This is critical for maintaining the efficacy of PrEP and antiretroviral therapy.

Moreover, AI-driven analysis of genomic and viral sequencing data can inform prevention strategies by tracking transmission networks and detecting emerging resistant HIV strains, facilitating rapid public health responses.

However, ethical considerations such as data privacy, algorithmic bias, and equitable access must be addressed to ensure AI tools do not exacerbate existing disparities. Collaborative efforts between technologists, clinicians, and communities are essential to develop AI applications that are effective, acceptable, and culturally sensitive.

In summary, integrating AI into HIV prevention strategies offers opportunities to enhance precision, accessibility, and engagement, potentially accelerating progress toward ending the HIV epidemic."
11,NO,"Artificial intelligence (AI) holds transformative potential for HIV prevention by enabling more precise, scalable, and personalized interventions. One key application lies in enhancing risk prediction models: AI algorithms can integrate diverse data sources—demographic, behavioral, clinical, and social determinants—to identify individuals or communities at heightened risk of HIV acquisition. This targeted approach facilitates efficient allocation of prevention resources such as pre-exposure prophylaxis (PrEP).

AI-driven analysis of electronic health records and social media data can also uncover emerging transmission patterns and outbreaks in near real-time, enabling rapid public health responses. Moreover, chatbots and virtual health assistants powered by natural language processing can provide tailored education, counseling, and adherence support, surmounting barriers related to stigma and healthcare access.

In clinical research, machine learning accelerates the discovery of novel preventive agents and optimizes vaccine design by analyzing complex immunological data. AI can also personalize prevention strategies by predicting individual responses to interventions, thereby improving efficacy.

However, ethical considerations around data privacy, algorithmic bias, and equitable access must be rigorously addressed to ensure AI benefits all populations affected by HIV. Transparent, community-engaged development and deployment are essential.

In summary, AI offers unprecedented opportunities to reimagine HIV prevention—transforming data into actionable insights, enhancing intervention delivery, and ultimately reducing new infections through smarter, more inclusive strategies. Integrating AI with existing public health frameworks could accelerate progress toward ending the HIV epidemic."
12,NO,"Artificial intelligence (AI) holds transformative potential for HIV prevention by enabling more personalized, efficient, and scalable interventions. First, AI algorithms can analyze large, diverse datasets—including electronic health records, social determinants, and behavioral patterns—to identify individuals or populations at highest risk for HIV acquisition. This risk stratification allows targeted outreach and resource allocation, optimizing prevention efforts such as pre-exposure prophylaxis (PrEP) delivery.

Moreover, AI-driven chatbots and virtual health assistants can provide confidential, tailored education and counseling on HIV prevention, overcoming barriers related to stigma and limited access to healthcare professionals. These tools can engage users interactively, enhancing adherence to preventive measures and facilitating timely testing and linkage to care.

On a population level, AI can model epidemic dynamics and simulate the impact of different intervention strategies, guiding policymakers to implement the most effective combination of biomedical, behavioral, and structural approaches. Additionally, AI-powered analyses of viral genetic data can track transmission networks in near real-time, enabling rapid identification and interruption of outbreak clusters.

Finally, integrating AI with mobile health technologies enables continuous monitoring and support, such as reminders for medication adherence or risk behavior modifications, fostering sustained engagement in prevention programs.

By harnessing AI’s capabilities in data integration, predictive analytics, and personalized communication, HIV prevention can become more proactive, precise, and inclusive—ultimately accelerating progress towards ending the HIV epidemic."
13,NO,"Artificial intelligence (AI) holds transformative potential for HIV prevention by enabling more personalized, efficient, and scalable interventions. First, AI can enhance risk prediction by analyzing large, complex datasets—such as electronic health records, social determinants, and behavioral data—to identify individuals at elevated risk of HIV acquisition. This allows targeted delivery of pre-exposure prophylaxis (PrEP) and other preventive services, optimizing resource allocation and improving outcomes.

Second, AI-driven natural language processing and chatbots can provide accessible, stigma-free platforms for sexual health education, counseling, and adherence support. These tools can engage diverse populations, including marginalized groups, offering tailored information and reminders that promote sustained PrEP use and safer sexual behaviors.

Third, machine learning algorithms can analyze viral genetic sequences and epidemiological data to map transmission networks in near real-time. This capability facilitates rapid outbreak detection and informs precision public health strategies, such as focused testing and partner notification efforts.

Moreover, AI can accelerate the design of novel prevention modalities by predicting molecular interactions for vaccine development or microbicide formulations. Additionally, AI-enabled mobile health applications can integrate geospatial and behavioral data to deliver context-aware interventions, such as location-based alerts about nearby testing sites or condom distribution points.

However, ethical considerations—including data privacy, algorithmic bias, and equitable access—must guide AI deployment to ensure trust and avoid exacerbating disparities. By harnessing AI responsibly, HIV prevention programs can become more proactive, personalized, and impactful, advancing global efforts toward ending the HIV epidemic."
14,NO,"Artificial intelligence (AI) holds transformative potential for advancing HIV prevention by enhancing predictive analytics, personalizing interventions, and optimizing resource allocation. Machine learning algorithms can analyze vast, complex datasets—ranging from electronic health records and social determinants to behavioral and genomic data—to identify individuals and communities at highest risk of HIV acquisition with unprecedented precision. This risk stratification enables targeted delivery of pre-exposure prophylaxis (PrEP), testing, and education, maximizing prevention impact while minimizing costs.

AI-driven natural language processing can monitor social media and online forums to detect emerging patterns of risk behavior and misinformation, allowing timely, culturally sensitive public health messaging. Chatbots and virtual health assistants powered by AI can provide personalized HIV prevention counseling, improving engagement and adherence to prevention strategies in populations facing stigma or limited healthcare access.

Moreover, AI can optimize clinical trial design and drug discovery for novel prevention modalities by predicting efficacy and adverse effects, accelerating the development pipeline. In resource-limited settings, AI-enabled mobile health platforms can facilitate remote screening and linkage to care, addressing barriers of geography and stigma.

However, ethical considerations, including privacy, data security, and algorithmic bias, must be rigorously addressed to ensure equitable and trustworthy AI applications. Integrating AI with community-based approaches and multidisciplinary expertise will be essential to harness its full potential.

In summary, AI offers a powerful toolkit to reimagine HIV prevention, enabling precision public health strategies that are scalable, adaptive, and responsive to the evolving epidemic landscape."
15,NO,"Artificial intelligence (AI) holds transformative potential for HIV prevention by enabling more precise, personalized, and scalable interventions. One key application is the analysis of large, complex datasets from electronic health records, social media, and genomic sequences to identify individuals or communities at elevated risk of HIV acquisition. Machine learning algorithms can detect nuanced behavioral, demographic, and biological patterns that traditional methods might miss, thereby facilitating targeted outreach and testing initiatives.

AI-driven predictive models can optimize pre-exposure prophylaxis (PrEP) delivery by forecasting adherence and identifying ideal candidates, improving both efficacy and resource allocation. Natural language processing tools enable real-time monitoring of social media and online forums to detect emerging risk behaviors or misinformation, allowing for timely, culturally sensitive public health messaging.

Moreover, AI can enhance HIV vaccine research by accelerating the analysis of immunological data and predicting viral evolution, streamlining the design of broadly effective immunogens. Chatbots and virtual assistants powered by AI provide confidential, accessible platforms for education, counseling, and linkage to care, reducing stigma-related barriers.

Importantly, ethical deployment of AI requires rigorous attention to privacy, bias mitigation, and community engagement to prevent exacerbating existing disparities. By integrating AI with established public health frameworks, HIV prevention efforts can become more adaptive, efficient, and equitable, ultimately contributing to the goal of ending the HIV epidemic."
16,NO,"Artificial intelligence (AI) holds transformative potential for HIV prevention by enabling more precise, scalable, and personalized interventions. Firstly, AI-driven predictive analytics can identify individuals and communities at highest risk of HIV acquisition by integrating diverse data sources such as electronic health records, social determinants, and behavioral patterns. This targeted approach allows for more efficient allocation of prevention resources like pre-exposure prophylaxis (PrEP) and testing services.

Secondly, AI-powered chatbots and virtual assistants can provide confidential, real-time counseling and education, overcoming barriers of stigma and access that often hinder preventive care. These tools facilitate tailored risk-reduction messaging, appointment reminders, and adherence support, enhancing engagement especially among youth and marginalized populations.

Thirdly, machine learning algorithms can optimize biomedical research by accelerating drug discovery and vaccine design through analysis of viral genetics and immune responses. AI can also improve diagnostic accuracy with image recognition for point-of-care testing and automate surveillance of emerging HIV strains, enabling rapid public health responses.

Moreover, integrating AI with mobile health technologies can monitor adherence to PrEP and antiretroviral therapy through behavioral and biometric data, allowing timely interventions to prevent treatment failure and onward transmission.

To fully realize these benefits, ethical considerations around data privacy, algorithmic bias, and equitable access must be addressed. Multidisciplinary collaboration between AI experts, clinicians, and community stakeholders is essential to develop culturally sensitive, transparent, and user-friendly AI applications.

In sum, AI can revolutionize HIV prevention by enhancing risk stratification, personalizing interventions, accelerating research, and expanding access to care, thereby advancing global efforts toward ending the HIV epidemic."
17,NO,"Artificial intelligence (AI) holds transformative potential for enhancing HIV prevention strategies by enabling more precise, scalable, and personalized interventions. One key application is in predictive analytics: AI algorithms can analyze large, diverse datasets—including electronic health records, social determinants of health, and behavioral data—to identify individuals and communities at elevated risk of HIV acquisition. This risk stratification facilitates targeted outreach for pre-exposure prophylaxis (PrEP) and testing services, optimizing resource allocation.

AI-driven natural language processing can also enhance patient engagement by powering chatbots and virtual counselors that provide tailored education, answer questions, and support adherence to prevention regimens in real time. These tools can reduce stigma-related barriers by offering confidential, nonjudgmental communication channels.

Moreover, machine learning models can analyze viral genetic sequences to track transmission networks and detect emerging drug resistance patterns promptly, informing public health responses and treatment guidelines. AI can optimize clinical trial design for novel prevention modalities by identifying suitable participants and predicting efficacy across diverse populations.

Importantly, AI’s capacity to integrate multimodal data—from genomic to social media signals—enables a holistic understanding of epidemic dynamics, supporting adaptive interventions that respond to changing patterns of risk behavior and viral spread. However, ethical deployment demands attention to data privacy, algorithmic bias, and equitable access to AI-enabled tools.

By harnessing AI’s analytical power and scalability, HIV prevention efforts can become more proactive, personalized, and effective, accelerating progress toward epidemic control and ultimately, ending HIV transmission."
18,NO,"Artificial intelligence (AI) holds transformative potential for HIV prevention by enabling more precise, scalable, and personalized interventions. First, AI-driven predictive analytics can identify individuals and populations at highest risk of HIV acquisition by integrating diverse data sources such as electronic health records, social determinants, and behavioral patterns. This allows targeted outreach and resource allocation to maximize preventive impact.

Second, AI can optimize pre-exposure prophylaxis (PrEP) delivery by predicting adherence patterns and tailoring support strategies. Machine learning models analyzing real-time data from mobile health apps or wearable devices can provide personalized reminders and motivational feedback, enhancing sustained PrEP use. Similarly, AI-powered chatbots and virtual counselors can offer confidential, stigma-free education and risk-reduction counseling, increasing engagement among marginalized groups.

Third, AI facilitates rapid analysis of viral genetic sequences, aiding in identifying transmission clusters and emerging drug resistance patterns. This information supports timely public health responses to interrupt transmission networks and adjust prevention strategies.

Moreover, AI can streamline large-scale epidemiological modeling to forecast HIV epidemic trends under various intervention scenarios, informing policy decisions. Integration of natural language processing (NLP) techniques enables mining of scientific literature and social media to detect misinformation and community concerns, guiding culturally sensitive communication campaigns.

Ethical considerations including privacy, bias mitigation, and equitable access are paramount to ensure AI tools benefit all populations without exacerbating disparities. Collaborative frameworks involving communities, clinicians, and data scientists will be essential.

In sum, AI offers powerful tools to enhance HIV prevention by enabling data-driven, adaptive, and user-centered approaches, potentially accelerating progress toward ending the HIV epidemic."
19,NO,"Artificial intelligence (AI) holds transformative potential for HIV prevention by enhancing precision, accessibility, and scalability of interventions. First, AI-driven predictive analytics can identify individuals and communities at highest risk of HIV infection by integrating diverse data sources—such as electronic health records, social determinants, and behavioral patterns—enabling targeted outreach and resource allocation. Machine learning algorithms can also optimize pre-exposure prophylaxis (PrEP) adherence by delivering personalized reminders and behavioral nudges through mobile health platforms, increasing efficacy and reducing new infections.

Moreover, AI-powered chatbots and virtual assistants can provide confidential, culturally sensitive counseling and education, overcoming stigma and barriers to accessing prevention services. These tools facilitate real-time risk assessment and linkage to testing, treatment, and support. On the population level, AI can analyze epidemiological trends rapidly, guiding public health responses and tailoring campaigns to evolving patterns of transmission.

In research, AI accelerates the discovery of novel prevention modalities by modeling viral dynamics and host interactions, informing vaccine design and microbicide development. Additionally, natural language processing can mine vast biomedical literature to identify emerging risk factors and intervention opportunities.

However, ethical considerations—including data privacy, bias mitigation, and equitable access—must underpin AI deployment to avoid exacerbating disparities. Collaborative frameworks involving communities, clinicians, and technologists are essential to ensure AI tools are trustworthy and culturally congruent.

In sum, leveraging AI in HIV prevention offers a paradigm shift from one-size-fits-all approaches to dynamic, data-driven strategies that can significantly advance global efforts toward ending the HIV epidemic."
